{
  "fp32": {
    "accuracy": 0.577,
    "latency_batch1": {
      "p50_ms": 88.13854200001003,
      "p95_ms": 101.57383300000333,
      "p99_ms": 112.2666670000001,
      "mean_ms": 89.24227372000017
    },
    "latency_batch8": {
      "p50_ms": 424.72187500001723,
      "p95_ms": 530.3943329999896,
      "p99_ms": 552.3781670000005,
      "mean_ms": 393.9674175199985
    }
  },
  "int8": {
    "accuracy": 0.5785,
    "latency_batch1": {
      "p50_ms": 86.66462500002581,
      "p95_ms": 103.07987499999172,
      "p99_ms": 105.97195799999781,
      "mean_ms": 87.63659708000236
    },
    "latency_batch8": {
      "p50_ms": 422.15862500000867,
      "p95_ms": 568.6663749999639,
      "p99_ms": 614.9874590000195,
      "mean_ms": 395.3046712599966
    }
  },
  "accuracy_drop": -0.0015000000000000568,
  "speedup_p50_batch1": 1.017007135264057
}